text,clean,true,pred
للأسف المقاس غير مطابق والجودة سيئة وفوق هذا تم إغلاق حسابي بدون أي سبب شكرا 😤,للاسف المقاس غير مطابق والجوده سييه وفوق تم اغلاق حسابي بدون سبب شكرا,جودة المنتج,الحساب والتطبيق
السلام عليكم، رد الدعم آلي ولا يفهم مشكلتي وأيضا عملية الدفع فشلت والمبلغ انسحب من حسابي أرجو الحل بسرعة,السلام عليكم رد الدعم ولا يفهم مشكلتي وايضا عمليه الدفع فشلت والمبلغ انسحب حسابي ارجو الحل بسرعه,الفوترة والدفع,خدمة العملاء
طلب رقم 94689 أريد أن أشتكي: الجهاز توقف عن العمل بعد يومين فقط غير راضي عن الخدمة,طلب رقم اريد اشتكي الجهاز توقف العمل يومين غير راضي الخدمه,الحساب والتطبيق,جودة المنتج
بعد إذنكم أرسلت المنتج المرتجع ولم أحصل على أي تأكيد وأيضا عملية الدفع فشلت والمبلغ انسحب من حسابي أنتظر ردكم,اذنكم ارسلت المنتج المرتجع ولم احصل تاكيد وايضا عمليه الدفع فشلت والمبلغ انسحب حسابي انتظر ردكم,الاسترجاع والاستبدال,الفوترة والدفع
طلب رقم 40339 طلبت استبدال المنتج ولم يتم حتى الآن ومن جهة ثانية السعر في الفاتورة يختلف عن السعر المعلن أرجو الحل بسرعة,طلب رقم طلبت استبدال المنتج ولم يتم الان ومن جهه ثانيه السعر الفاتوره يختلف السعر المعلن ارجو الحل بسرعه,الاسترجاع والاستبدال,الفوترة والدفع
مرحبا بعد التحديث الأخير اختفت بيانات حسابي أرجو الحل بسرعة,مرحبا التحديث الاخير اختفت بيانات حسابي ارجو الحل بسرعه,التوصيل,الحساب والتطبيق
طلب رقم 25406 للأسف لم يحل أحد مشكلتي وكل مرة يحولوني لقسم ثاني ومن جهة ثانية ما وصلتني فاتورة ضريبية رغم الطلب https://t.co/xyz,طلب رقم للاسف لم يحل احد مشكلتي وكل مره يحولوني لقسم ثاني ومن جهه ثانيه ما وصلتني فاتوره ضريبيه رغم الطلب,الحساب والتطبيق,الفوترة والدفع
يطلبون مني دفع رسوم شحن للإرجاع ومن جهة ثانية كود الخصم لم يعمل عند الدفع هذا غير مقبول 😤,يطلبون مني دفع رسوم شحن للارجاع ومن جهه ثانيه كود الخصم لم يعمل الدفع غير مقبول,الاسترجاع والاستبدال,الفوترة والدفع
يا جماعة شركة الشحن تقول سلمنا الطلب وأنا ما استلمت شي ومن جهة ثانية الفاتورة تحتوي على رسوم لم أوافق عليها غير راضي عن الخدمة,جماعه شركه الشحن تقول سلمنا الطلب وانا ما استلمت شي ومن جهه ثانيه الفاتوره تحتوي رسوم لم اوافق عليها غير راضي الخدمه,جودة المنتج,التوصيل
مرحبا الموقع بطيء جدا ولا يفتح صفحة الدفع وفوق هذا اتصلت أكثر من خمس مرات ولم يرد أحد أنتظر ردكم 😡,مرحبا الموقع بطيء ولا يفتح صفحه الدفع وفوق اتصلت اكثر خمس مرات ولم يرد احد انتظر ردكم,جودة المنتج,خدمة العملاء
أريد أن أشتكي: الموقع بطيء جدا ولا يفتح صفحة الدفع وأيضا اتصلت أكثر من خمس مرات ولم يرد أحد أرجو الحل بسرعة,اريد اشتكي الموقع بطيء ولا يفتح صفحه الدفع وايضا اتصلت اكثر خمس مرات ولم يرد احد ارجو الحل بسرعه,الحساب والتطبيق,خدمة العملاء
فيه خدوش واضحة والمنتج مستعمل وأيضا رفضوا استرجاع المنتج رغم أنه ضمن المدة,خدوش واضحه والمنتج مستعمل وايضا رفضوا استرجاع المنتج رغم ضمن المده,جودة المنتج,الاسترجاع والاستبدال
المبلغ المسترد لم يصل إلى حسابي وفوق هذا اتصلت أكثر من خمس مرات ولم يرد أحد,المبلغ المسترد لم يصل حسابي وفوق اتصلت اكثر خمس مرات ولم يرد احد,الاسترجاع والاستبدال,خدمة العملاء
طلب رقم 79352 مرحبا مندوب التوصيل لا يرد علىـــ الاتصال ويرجع الطلب أرجو الحل بسرعة https://t.co/xyz,طلب رقم مرحبا مندوب التوصيل لا يرد الاتصال ويرجع الطلب ارجو الحل بسرعه,خدمة العملاء,التوصيل
الَسِلامّ عليّكم، اُلِتطبيّق يتوُقف باّسَتمرار ويغلق لوِحُده وفوق هذا وصلني اُلَطلِبُ لعِنوّاِنّ خَاِطئ رغم أني كِتبت الُعنِواَنَ صِحِ هذِا غيِر مّقبوُل,السلام عليكم التطبيق يتوقف باستمرار ويغلق لوحده وفوق وصلني الطلب لعنوان خاطي رغم اني كتبت العنوان صح غير مقبول,الحساب والتطبيق,التوصيل
الطلب تأخر عن الموعد المحدد بأكثر من أسبوع وأيضا تذكرتي مفتوحة من أسبوعين وما أحد رد غير راضي عن الخدمة,الطلب تاخر الموعد المحدد باكثر اسبوع وايضا تذكرتي مفتوحه اسبوعين وما احد رد غير راضي الخدمه,التوصيل,خدمة العملاء
مرحبا فيه خدوش واضحة والمنتج مستعمل ومن جهة ثانية المبلغ المسترد لم يصل إلى حسابيـــ هذا غير مقبول,مرحبا خدوش واضحه والمنتج مستعمل ومن جهه ثانيه المبلغ المسترد لم يصل حسابي غير مقبول,خدمة العملاء,الاسترجاع والاستبدال
أريد أن أشتكي: ما وصلتني فاتورة ضريبية رغم الطلب غير راضي عن الخدمة,اريد اشتكي ما وصلتني فاتوره ضريبيه رغم الطلب غير راضي الخدمه,جودة المنتج,الفوترة والدفع
السلام عليكم، لا أستطيع تسجيل الدخول إلى حسابي ومن جهة ثانية عملية ااالدفع فشلت والمبلغ انسحب من حسابي,السلام عليكم لا استطيع تسجيل الدخول حسابي ومن جهه ثانيه عمليه الدفع فشلت والمبلغ انسحب حسابي,الحساب والتطبيق,الفوترة والدفع
طلب رقم 82406 السلام عليكم، طلب الاستبدال ينتظر الموافقة منذ أيام,طلب رقم السلام عليكم طلب الاستبدال ينتظر الموافقه منذ ايام,الفوترة والدفع,الاسترجاع والاستبدال
